event_id_cnty,event_date,year,time_precision,disorder_type,event_type,sub_event_type,actor1,assoc_actor_1,inter1,actor2,assoc_actor_2,inter2,interaction,civilian_targeting,iso,region,country,admin1,admin2,admin3,location,latitude,longitude,geo_precision,source,source_scale,notes,fatalities,tags,timestamp
USA49301,"23 October 2022",2022,1,"Strategic developments","Strategic developments",Other,"GDL: Goyim Defense League",,"Identity militia",,,,"Identity militia only",,840,"North America","United States",Missouri,"St. Louis",,Brentwood,38.6174,-90.3498,1,"Network Contagion Research Institute; Twitter","Local partner-National","Non-violent activity: On 23 October 2022, the Goyim Defense League distributed antisemitic flyers in residential areas of Brentwood (Missouri), which connected the Biden administration, the media, and the 'covid agenda' from the coronavirus pandemic to Jewish people.",0,,1709061631
USA48417,"04 October 2022",2022,1,"Strategic developments","Strategic developments",Other,"GDL: Goyim Defense League",,"Identity militia",,,,"Identity militia only",,840,"North America","United States",California,"Los Angeles",,Pasadena,34.1416,-118.1502,1,"KTLA5; Los Angeles Times",Subnational,"Non-violent activity: On 4 October 2022, antisemitic flyers were found in residential neighborhoods in Pasadena (California), with messages related to the coronavirus pandemic saying that 'Every single aspect of the COVID agenda is Jewish,' against the Biden administration, and promoting the Goyim Defense League.",0,,1709061631
USA48418,"04 October 2022",2022,1,"Strategic developments","Strategic developments",Other,"GDL: Goyim Defense League",,"Identity militia",,,,"Identity militia only",,840,"North America","United States",California,"Los Angeles",,"San Marino",34.1214,-118.1064,1,"KTLA5; Los Angeles Times",Subnational,"Non-violent activity: On 4 October 2022, antisemitic flyers were found in residential neighborhoods in San Marino (California), with messages related to the coronavirus pandemic saying that 'Every single aspect of the COVID agenda is Jewish,' against the Biden administration, and promoting the Goyim Defense League.",0,,1709061631
USA47860,"19 September 2022",2022,1,Demonstrations,Protests,"Peaceful protest","Protesters (United States)",,Protesters,,,,"Protesters only",,840,"North America","United States","District of Columbia","District of Columbia",,"Washington DC - National Mall",38.8875,-77.0364,1,"World Socialist Web Site",Other,"On 19 September 2022, dozens of people demonstrated outside of the White House in Washington DC - National Mall (District of Columbia) in opposition to President Biden's declaration in a 60 Minutes interview that the coronavirus pandemic is over and to call for more action to be taken to help those suffering from Long COVID and myalgic encephalomyelitis/chronic fatigue syndrome (ME/CFS). The protest was organized by #MEAction.",0,"crowd size=dozens",1664309821
USA46814,"06 August 2022",2022,1,Demonstrations,Protests,"Peaceful protest","Protesters (United States)",,Protesters,,,,"Protesters only",,840,"North America","United States","New York","New York",,"New York - Manhattan",40.7834,-73.9663,1,"NBC4 New York",Subnational,"On 6 August 2022, hundreds of survivors and family members of coronavirus patients marched from Walt Whitman Park in Brooklyn across Brooklyn Bridge to City Hall Park in New York - Manhattan (New York) to demand more coronavirus prevention measures, reliable mental health services, and funding for coronavirus research and treatment. Members of COVID Survivors for Change, Yellow Heart Memorial, and Faces of COVID Victims participated in the march.",0,"crowd size=hundreds",1660682171
USA46367,"23 July 2022",2022,1,"Strategic developments","Strategic developments",Other,"GDL: Goyim Defense League",,"Identity militia",,,,"Identity militia only",,840,"North America","United States","New York",Nassau,,"Long Beach",40.5884,-73.6579,1,"ABC7 (New York); News 12",Subnational,"Non-violent activity: On 23 July 2022, antisemitic flyers related to the coronavirus pandemic were found in Long Beach (New York) that read 'Every Single Aspect of the Covid Agenda is Jewish,' 'Let's go Brandon,' and 'Every single aspect of the Biden Administration is Jewish,' and promoted the Goyim Defense League.",0,,1709061631
USA52705,"23 July 2022",2022,1,"Strategic developments","Strategic developments",Other,"GDL: Goyim Defense League",,"Identity militia",,,,"Identity militia only",,840,"North America","United States",Virginia,"Virginia Beach",,"Virginia Beach",36.8529,-75.978,1,"13 News Now; Anti-Defamation League",Subnational-National,"Non-violent activity: On 23 July 2022, antisemitic flyers which also made reference to the coronavirus pandemic were found in a residential area of Virginia Beach (Virginia) stating that 'Every single aspect of the Biden administration is Jewish,' 'Every single aspect of the Covid agenda is Jewish,' and 'every single aspect of Disney child grooming is Jewish.' These flyers were distributed by and promoted the Goyim Defense League.",0,,1709061632
USA52697,"10 July 2022",2022,1,"Strategic developments","Strategic developments",Other,"GDL: Goyim Defense League",,"Identity militia",,,,"Identity militia only",,840,"North America","United States","New Hampshire",Hillsborough,,Manchester,42.9909,-71.4502,1,"Anti-Defamation League; Manchester Ink Link; Union Leader",Subnational-National,"Non-violent activity: On 10 July 2022, antisemitic flyers referencing the coronavirus pandemic, reading 'every single aspect of the COVID agenda is Jewish,' 'Every single aspect of gun control is Jewish,' and 'every single aspect of the Biden administration is Jewish' were found in Manchester (New Hampshire). The flyers promoted the Goyim Defense League.",0,,1709061632
USA45893,"06 July 2022",2022,1,"Strategic developments","Strategic developments",Arrests,"Police Forces of the United States (2021-2025)",,"State forces","Proud Boys","1776 Restoration Movement","Political militia","State forces-Political militia",,840,"North America","United States","District of Columbia","District of Columbia",,"Washington DC",38.9171,-77.0003,1,"Daily Beast; Washingtonian",Subnational-National,"On 6 July 2022, Dave 'Santa' Riddell, a member of Proud Boys and leader of the 1776 Restoration Movement, an anti-COVID-19 vaccine group, was arrested in Washington DC (District of Columbia) by police due to an outstanding warrant from Maryland.",0,,1737495678
USA45142,"29 June 2022",2022,1,Demonstrations,Protests,"Peaceful protest","Protesters (United States)","Military Forces of the United States (2021-2025) National Guard",Protesters,,,,"Protesters only",,840,"North America","United States",Tennessee,Davidson,,Nashville,36.166,-86.7842,1,"Fox17 (Nashville)",Subnational,"On 29 June 2022, members of the Tennessee National Guard and supporters rallied in Nashville (Tennessee) to call for the end of a federal coronavirus vaccine mandate that requires members of the military to receive a COVID-19 vaccine during the pandemic.",0,"crowd size=no report",1737495677
USA52688,"04 June 2022",2022,1,"Strategic developments","Strategic developments",Other,"GDL: Goyim Defense League",,"Identity militia",,,,"Identity militia only",,840,"North America","United States",Massachusetts,Essex,,Peabody,42.5273,-70.9281,1,"Anti-Defamation League; Jewish Journal; WHDH Channel 7",Subnational-National,"Non-violent activity: On 4 June 2022, individuals associated with the Goyim Defense League distributed antisemitic flyers in Peabody (Massachusetts) which which referenced the coronavirus pandemic and read that 'Every single aspect of the COVID agenda is Jewish' and 'Every single aspect of the media is Jewish.'",0,,1709061632
USA52689,"04 June 2022",2022,1,"Strategic developments","Strategic developments",Other,"GDL: Goyim Defense League",,"Identity militia",,,,"Identity militia only",,840,"North America","United States",Florida,Hillsborough,,Tampa,27.9508,-82.4571,1,"Anti-Defamation League; NewsChannel 8 (Tampa)",Subnational-National,"Non-violent activity: On 4 June 2022, individuals associated with the Goyim Defense League distributed antisemitic flyers in the neighborhood of Hyde Park in Tampa (Florida) which read that 'Every single aspect of Disney child grooming agenda is Jewish' and which referenced the coronavirus pandemic, reading 'Every single aspect of the COVID agenda is Jewish.'",0,,1709061632
USA43656,"26 May 2022",2022,1,Demonstrations,Protests,"Peaceful protest","Protesters (United States)","Students (United States)",Protesters,,,,"Protesters only",,840,"North America","United States",Massachusetts,Middlesex,,Cambridge,42.3736,-71.1097,1,"Cambridge Day",Subnational,"On 26 May 2022, a few anti-vaccine protesters gathered on Harvard Square in Cambridge (Massachusetts) claiming that 'covid was a hoax' and to oppose prime minister of New Zealand Jacinda Ardern's commencement speech at Harvard University.",0,"crowd size=a few",1680633685
USA42353,"24 April 2022",2022,1,"Strategic developments","Strategic developments",Other,"GDL: Goyim Defense League",,"Identity militia",,,,"Identity militia only",,840,"North America","United States",California,"Contra Costa",,Danville,37.8216,-121.998,1,"NBC Bay Area",Subnational,"Non-violent activity: On 24 April 2022, antisemitic flyers were found in Danville (California) blaming Jewish people for the coronavirus pandemic, claiming that 'Every Single Aspect of The Covid Agenda is Jewish,' and promoting the Goyim Defense League.",0,,1709061631
USA42236,"12 February 2022",2022,1,Demonstrations,Protests,"Peaceful protest","Protesters (United States)","WLM: White Lives Matter",Protesters,,,,"Protesters only",,840,"North America","United States",Ohio,Union,,Marysville,40.2365,-83.3671,1,"MilitiaWatch; Union County Daily Digital","Local partner-New media","On 12 February 2022, approximately 15 people gathered in Marysville (Ohio) to demonstrate at an intersection in favor of White Lives Matter. Demonstrators also held signs promoting 9/11 conspiracy theories and one promoting conspiracies related to the coronavirus pandemic reading 'covid is an attack on white western society.' Some demonstrators were armed with pistols and rifles.",0,"armed; crowd size=approximately 15",1680633863
USA39015,"07 February 2022",2022,1,Demonstrations,Protests,"Peaceful protest","Protesters (United States)","Native American Group (United States)",Protesters,,,,"Protesters only",,840,"North America","United States","South Dakota",Pennington,,"Rapid City",44.076,-103.228,1,"Rapid City Journal; NewsCenter1; KOTA Territory",Subnational,"On 7 February 2022, dozens of people, including a member of the International Leonard Peltier Defense Committee, gathered for a protest at the bandshell at Memorial Park and then moved to the federal courthouse in Rapid City (South Dakota), in support of American Indian Movement activist Leonard Peltier, to demand Peltier's release from federal prison after he tested positive for COVID-19.",0,"crowd size=no report",1644954289
USA38863,"07 February 2022",2022,1,Demonstrations,Protests,"Peaceful protest","Protesters (United States)","Red Nation; Navajo Tribal Group (United States); Native American Group (United States)",Protesters,,,,"Protesters only",,840,"North America","United States","New Mexico",Bernalillo,,Albuquerque,35.0844,-106.6511,1,"Santa Fe New Mexican",Subnational,"On 7 February 2022, dozens of people, including members of the Navajo Nation held a rally outside of the federal courthouse in Albuquerque (New Mexico) to demand clemency for Leonard Peltier after he announced that he recently contracted COVID-19 in prison. The protest was organized by The Red Nation and the Leonard Peltier Defense Committee participated.",0,"crowd size=dozens",1680633661
USA38956,"07 February 2022",2022,1,Demonstrations,Riots,"Violent demonstration","Rioters (United States)","AIM: American Indian Movement; Native American Group (United States)",Rioters,"Police Forces of the United States (2021-2025)","Police Forces of the United States (2021-2025) Federal Bureau of Investigation","State forces","State forces-Rioters",,840,"North America","United States",Oklahoma,Tulsa,,Tulsa,36.154,-95.9928,1,"2 Works for You; KOKH FOX25; KOKI Fox23 Tulsa; KOTV6; KRMG; KTUL; Oklahoma's News 4; Tulsa World",Subnational,"On 7 February 2022, at least 50 people, including Native Americans and members of AIM, gathered in front of the federal courthouse in Tulsa (Oklahoma) to demonstrate against the imprisonment of Leonard Peltier, a famous AIM activist arrested for his participation in the 1975 Pine Ridge Reservation shootout who recently contracted COVID-19. A police officer asked demonstrators to move their illegally parked vehicles from the road, which were parked in one of multiple open lanes. Some demonstrators pushed the officer onto the ground, resulting in minor leg injuries. FBI officers pepper-sprayed the demonstrators in retaliation. Two demonstrators were arrested.",0,"crowd size=at least 50",1737495670
USA38997,"06 February 2022",2022,1,Demonstrations,Protests,"Peaceful protest","Protesters (United States)",,Protesters,,,,"Protesters only",,840,"North America","United States",Massachusetts,Suffolk,,Boston,42.3591,-71.0639,1,"Boston Globe; Boston.com",Subnational,"On 6 February 2022, about 100 people gathered outside Brigham and Women's Hospital in Boston (Massachusetts) to protest the hospital's decision to drop a man from the hospital's heart transplant waitlist because the man was not vaccinated for COVID-19. Demonstrators also protested coronavirus vaccine mandates.",0,"crowd size=about 100",1680633724
USA38699,"31 January 2022",2022,1,Demonstrations,Protests,"Peaceful protest","Protesters (United States)","Latin American Group (United States); Migrants (International); Native American Group (United States); Latin American Group (International); Protesters (International)",Protesters,,,,"Protesters only",,840,"North America","United States",California,Humboldt,,Eureka,40.804,-124.1654,1,"Redheaded Blackbelt",National,"On 31 January 2022, a group of people, including Latinx, Native American, and migrant people gathered for a rally outside of the Humboldt County Courthouse in Eureka (California) to demand increased support for the local immigrant, Spanish-speaking, and undocumented immigrant community. Centro del Pueblo (CdP), an indigenous immigrant advocacy organization, organized the rally which included a list of demands they say will mitigate distinct adversities these communities have faced throughout the coronavirus pandemic, and also to provide translated Covid-19 resources.",0,"crowd size=no report",1680633888
USA38566,"27 January 2022",2022,1,Demonstrations,Protests,"Peaceful protest","Protesters (United States)","GOP: Republican Party; Government of the United States (2021-2025); Labor Group (United States); Students (United States)",Protesters,,,,"Protesters only",,840,"North America","United States",Missouri,Cole,,"Jefferson City",38.5792,-92.173,1,"Fox2 (St. Louis); KOLR10",Subnational,"On 27 January 2022, around 200 students, school administrators, and parents gathered at the state capitol in Jefferson City (Missouri) to call for online learning as a permanent option, to give families more flexibility. State senators Caleb Rowden (R) and Phil Christofanelli (R) spoke at the rally. The rally was organized by the National Coalition for Public School Options. The demonstration was not related to calls for remote learning during the COVID-19 pandemic.",0,"crowd size=around 200",1737495670
USA38974,"22 January 2022",2022,1,Demonstrations,Protests,"Peaceful protest","Protesters (United States)",,Protesters,,,,"Protesters only",,840,"North America","United States",Massachusetts,Suffolk,,Boston,42.3591,-71.0639,1,"Boston Globe",Subnational,"On 22 January 2022, people gathered outside Brigham and Women's Hospital in Boston (Massachusetts) to protest the hospital's decision to drop a man from the hospital's heart transplant waitlist because the man was not vaccinated for COVID-19. Demonstrators also protested coronavirus vaccine mandates. As the protest ended, a neo-Nazi group staged an unrelated rally.",0,"crowd size=no report",1680633724
USA38052,"13 January 2022",2022,1,Demonstrations,Protests,"Peaceful protest","Protesters (United States)","NNU: National Nurses United; Health Workers (United States)",Protesters,,,,"Protesters only",,840,"North America","United States",Nevada,Clark,,"Las Vegas",36.1749,-115.1372,1,"Channel 13 (Las Vegas); Las Vegas Review-Journal",Subnational,"On 13 January 2022, nurses and other healthcare workers protested outside of MountainView Hospital in Las Vegas (Nevada) to demand improved workplace safety and to protest staffing shortages caused by the coronavirus pandemic and the new CDC guidelines allowing asymptomatic healthcare workers who test positive for COVID-19 to continue working. The protest was part of a national day of action coordinated by National Nurses United.",0,"crowd size=no report",1642541564
USA38056,"13 January 2022",2022,1,Demonstrations,Protests,"Peaceful protest","Protesters (United States)","NNU: National Nurses United; Health Workers (United States)",Protesters,,,,"Protesters only",,840,"North America","United States",Arizona,Pima,,Tucson,32.2217,-110.9264,1,"KGUN9; News 4 Tucson; Arizona Daily Star",Subnational,"On 13 January 2022, roughly 80 nurses and other healthcare workers protested outside of Carondelet Health Network hospitals in Tucson (Arizona) to demand improved workplace safety and to protest staffing shortages caused by the coronavirus pandemic and the new CDC guidelines allowing asymptomatic healthcare workers who test positive for COVID-19 to continue working. The protest was part of a national day of action coordinated by National Nurses United.",0,"crowd size=roughly 80",1642541564
USA38057,"13 January 2022",2022,1,Demonstrations,Protests,"Peaceful protest","Protesters (United States)","NNU: National Nurses United; Health Workers (United States)",Protesters,,,,"Protesters only",,840,"North America","United States",California,"San Bernardino",,"San Bernardino",34.1083,-117.2897,1,"ABC7 (Los Angeles)",Subnational,"On 13 January 2022, nurses and other healthcare workers protested outside of Dignity Health St. Bernardine Medical Center in San Bernardino (California) to demand improved workplace safety and to protest staffing shortages caused by the coronavirus pandemic and the new CDC guidelines allowing asymptomatic healthcare workers who test positive for COVID-19 to continue working. California Nurses Association organized statewide demonstrations as part of a national day of action coordinated by National Nurses United.",0,"crowd size=no report",1642541564
USA38064,"13 January 2022",2022,1,Demonstrations,Protests,"Peaceful protest","Protesters (United States)","NNU: National Nurses United; Health Workers (United States)",Protesters,,,,"Protesters only",,840,"North America","United States",California,Placer,,Roseville,38.7525,-121.2894,1,"CBS13 (Sacramento)",Subnational,"On 13 January 2022, nurses and other healthcare workers protested outside of the Sutter Roseville Medical Center in Roseville (California) to demand improved workplace safety and to protest staffing shortages caused by the coronavirus pandemic and the new CDC guidelines allowing asymptomatic healthcare workers who test positive for COVID-19 to continue working. California Nurses Association organized statewide demonstrations as part of a national day of action coordinated by National Nurses United.",0,"crowd size=no report",1642541564
USA38059,"13 January 2022",2022,1,Demonstrations,Protests,"Peaceful protest","Protesters (United States)","NNU: National Nurses United; Health Workers (United States)",Protesters,,,,"Protesters only",,840,"North America","United States",California,Riverside,,"Palm Springs",33.8306,-116.5471,1,"Desert Sun",Subnational,"On 13 January 2022, nurses and other healthcare workers protested outside of the Desert Regional Medical Center in Palm Springs (California) to demand improved workplace safety and to protest staffing shortages caused by the coronavirus pandemic and the new CDC guidelines allowing asymptomatic healthcare workers who test positive for COVID-19 to continue working. California Nurses Association organized statewide demonstrations as part of a national day of action coordinated by National Nurses United.",0,"crowd size=no report",1642541564
USA38058,"13 January 2022",2022,1,Demonstrations,Protests,"Peaceful protest","Protesters (United States)","Health Workers (United States); NNU: National Nurses United",Protesters,,,,"Protesters only",,840,"North America","United States",California,"Los Angeles",,"Los Angeles - Central",34.0693,-118.3118,1,"California Nurses Association; Fox11 (Los Angeles); LAist",Other-Subnational,"On 13 January 2022, nurses and other healthcare workers protested outside of Dignity Health California and PIH Good Samaritan Hospitals in Los Angeles - Central (California) to demand improved workplace safety and to protest staffing shortages caused by the coronavirus pandemic and the new CDC guidelines allowing asymptomatic healthcare workers who test positive for COVID-19 to continue working. California Nurses Association organized statewide demonstrations as part of a national day of action coordinated by National Nurses United.",0,"crowd size=no report",1731609858
USA37552,"15 December 2021",2021,1,Demonstrations,Protests,"Peaceful protest","Protesters (United States)","Students (United States); Teachers (United States); Health Workers (United States)",Protesters,,,,"Protesters only",,840,"North America","United States",Massachusetts,Suffolk,,Boston,42.3591,-71.0639,1,"NBC10 Boston; Boston.com",Subnational,"On 15 December 2021, about 50 people organized by Families for COVID Safety, including school nurses, teachers, and students, gathered outside the Massachusetts State House in Boston (Massachusetts) to urge state and local officials to improve contact tracing, ventilation systems, and vaccination rates at public schools across the state to prevent the spread of the coronavirus in Massachusetts public schools.",0,"crowd size=about 50",1641942218
USA37038,"25 November 2021",2021,1,Demonstrations,Protests,"Peaceful protest","Protesters (United States)","Labor Group (United States)",Protesters,,,,"Protesters only",,840,"North America","United States",Colorado,Pueblo,,Pueblo,38.254,-104.6111,1,KRDO,Subnational,"On 25 November 2021, a group of 30-40 people, some of whom said they had lost their jobs due to vaccine mandates, gathered for a protest organized by the Facebook group 'Pueblo Stands up' outside the Pueblo County Courthouse in Pueblo (Colorado) against a lighting ceremony held for 'health care workers and the sacrifice that first responders and health care workers have made during the COVID-19 pandemic.' Demonstrators also expressed anti-vaccine mandate sentiments amid the coronavirus pandemic.",0,"crowd size=30-40",1680633602
USA36907,"17 November 2021",2021,1,Demonstrations,Protests,"Peaceful protest","Protesters (United States)","Labor Group (United States); UAW: United Automobile Workers",Protesters,,,,"Protesters only",,840,"North America","United States",Illinois,"Rock Island",,"East Moline",41.5008,-90.4443,1,"Washington Post",National,"On 17 November 2021, workers organized by UAW staged a picket demonstration outside the John Deere Harvester Works in East Moline (Illinois) as part of a month-long strike over working conditions, exacerbated by the COVID-19 pandemic. This was the last day of the strike and picket.",0,"crowd size=no report",1709061630
USA36751,"15 November 2021",2021,1,Demonstrations,Protests,"Peaceful protest","Protesters (United States)","Labor Group (United States)",Protesters,,,,"Protesters only",,840,"North America","United States",Kentucky,Franklin,,Frankfort,38.2006,-84.874,1,"Commonwealth Journal",Subnational,"On 15 November 2021, dozens of social workers held a rally at the Capitol in Frankfort (Kentucky) to protest against staffing shortages and to demand improved working conditions and increased pay for social workers. These conditions were exacerbated by the COVID-19 pandemic.",0,"crowd size=dozens",1637709102
USA36978,"15 November 2021",2021,1,Demonstrations,Protests,"Peaceful protest","Protesters (United States)","Students (United States)",Protesters,,,,"Protesters only",,840,"North America","United States","New Jersey",Union,,Union,40.6976,-74.2632,1,"CBS2 (New York); News12 (New Jersey)",Subnational-National,"On 15 November 2021, hundreds of students gathered outside the Board of Education building in Union (New Jersey) after walking out of classes to protest the district's decision to cancel a Union High School football playoff game after four athletes tested positive for COVID-19. The district made its decision in accordance with the New Jersey State Interscholastic Athletic Association's coronavirus protocols.",0,"crowd size=hundreds",1680633601
USA36738,"14 November 2021",2021,1,Demonstrations,Protests,"Peaceful protest","Protesters (United States)",,Protesters,,,,"Protesters only",,840,"North America","United States",Kentucky,Jefferson,,Louisville,38.2542,-85.7594,1,"Oklahoman; One America News Network",National,"On 14 November 2021, nearly a dozen protesters gathered outside of a COVID-19 vaccination center in Louisville (Kentucky) to protest against coronavirus vaccine use in children.",0,"crowd size=nearly a dozen",1680633601
USA36705,"07 November 2021",2021,1,Demonstrations,Riots,"Violent demonstration","Rioters (United States)","Antifa (United States)",Rioters,"Police Forces of the United States (2021-2025)","Super Happy Fun America","State forces","State forces-Rioters",,840,"North America","United States",Massachusetts,Suffolk,,Boston,42.3591,-71.0639,1,"Boston Globe; Boston Herald; NBC10 Boston; Patriot Ledger; Post Millennial; Twitter","New media-Subnational","On 7 November 2021, people organized by the right-wing white supremacist group Super Happy Fun America along with the Refounding Fathers Coalition gathered at Boston Common in Boston (Massachusetts) to express opposition to coronavirus vaccine and mask mandates. Hundreds of people, including anti-fascists, counter-demonstrated the event and expressed opposition to Super Happy Fun America's views. During the event, people pushed past barricades and police as fights broke out between the groups. Some counter-demonstrators threw projectiles at the demonstrators and broke the windows of the demonstrators' van. One man from the anti-covid restrictions group drove his car into a barricade and the crowd of counter-demonstrators, though he did not strike any of them. Police arrested the man and another person for disorderly conduct.",0,"car ramming; counter-demonstration; crowd size=hundreds",1737495668
USA35850,"15 October 2021",2021,1,Demonstrations,Protests,"Peaceful protest","Protesters (United States)",,Protesters,,,,"Protesters only",,840,"North America","United States",Michigan,Kalamazoo,,Kalamazoo,42.29,-85.5858,1,"Fox17 (Grand Rapids)",Subnational,"On 15 October 2021, around 20 people with the group Kalamazoo County Citizens United gathered in Kalamazoo (Michigan) to demand the County Sheriff stop enforcing coronavirus prevention measures and to protest COVID-related restrictions like face masking for students, vaccine mandates, and business closures amid the pandemic.",0,"crowd size=around 20",1680633598
USA35714,"15 October 2021",2021,1,Demonstrations,Protests,"Peaceful protest","Protesters (United States)","Students (United States); Abolish ICE",Protesters,,,,"Protesters only",,840,"North America","United States",Connecticut,Tolland,,Storrs,41.8084,-72.2495,1,"Day (Norwich); Republican-American",Subnational,"On 15 October 2021, more than 50 students organized by UConn UNCHAIN gathered at the Student Recreation Center at the University of Connecticut in Storrs (Connecticut) to protest President Biden's visit to the campus. Students demanded the Biden Administration abolish ICE and end the use of Title 42, which deports migrants who were recently in a country where a communicable disease such as COVID-19 was present.",0,"crowd size=more than 50",1710871584
USA35337,"07 October 2021",2021,1,Demonstrations,Protests,"Peaceful protest","Protesters (United States)","Students (United States); Teachers (United States)",Protesters,,,,"Protesters only",,840,"North America","United States",Michigan,Ingham,,"East Lansing",42.737,-84.4839,1,"State News",Subnational,"On 7 October 2021, multiple students and faculty members gathered outside the Hannah Administration on the MSU campus in East Lansing (Michigan) to demand MSU implement stricter and more robust safety measures amid the coronavirus pandemic including better contact tracing, more efficient testing for COVID-19, and notifications to professors when a student in one of their classes tests positive.",0,"crowd size=multiple",1634073006
USA35267,"07 October 2021",2021,1,Demonstrations,Protests,"Peaceful protest","Protesters (United States)","CWA: Communications Workers of America; Health Workers (United States); Labor Group (United States)",Protesters,,,,"Protesters only",,840,"North America","United States","New York",Erie,,Buffalo,42.8864,-78.8779,1,"WBEN 930",Subnational,"On 7 October 2021, hundreds of people, including Catholic Health employees organized by Communications Workers of America, gathered outside Mercy Hospital in Buffalo (New York) to demand higher wages and safer staffing levels after the union and health system were unable to negotiate a new contract. The picketing workers also organized a candlelight vigil in memory of patients and health workers who have of COVID-19.",0,"crowd size=hundreds",1716328048
USA35251,"04 October 2021",2021,1,Demonstrations,Riots,"Violent demonstration","Rioters (United States)","Teachers (United States)",Rioters,,,,"Rioters only",,840,"North America","United States","New York","New York",,"New York - Manhattan",40.7834,-73.9663,1,"1010WINS; Brooklyn Eagle; New York Daily News; New York Post; News12 (Bronx); News2Share; On the Scene","New media-Subnational","On 4 October 2021, hundreds of people, including teachers, marched from the New York Department of Education in Brooklyn over the Brooklyn Bridge to Union Square in New York - Manhattan (New York) against Mayor Bill de Blasio's coronavirus vaccine mandate for New York City employees, including public school teachers. Some demonstrators targeted a COVID-19 mobile testing site and flipped over the tent and table for the site.",0,"crowd size=hundreds",1710268058
USA35243,"03 October 2021",2021,1,Demonstrations,Protests,"Peaceful protest","Protesters (United States)","Haitian Group (United States)",Protesters,,,,"Protesters only",,840,"North America","United States",Massachusetts,Suffolk,,Boston,42.3591,-71.0639,1,"Boston Globe",Subnational,"On 3 October 2021, almost 100 people, including members of the Haitian American community, gathered outside gathered outside a church in Mattapan in Boston (Massachusetts) to protest the treatment of Haitian migrants at the US-Mexico border and mass deportation of Haitian migrants by ICE. People also demanded that the Biden Administration end the use of Title 42, which deports migrants who were recently in a country where a communicable disease such as COVID-19 was present, and admit migrants seeking asylum at the US-Mexico border.",0,"crowd size=almost 100",1680633724
USA35333,"02 October 2021",2021,1,Demonstrations,Protests,"Peaceful protest","Protesters (United States)","Groypers; QAnon",Protesters,,,,"Protesters only",,840,"North America","United States",Illinois,Sangamon,,Springfield,39.7817,-89.6481,1,"FOX Illinois; Anti-Defamation League; MilitiaWatch","Local partner-New media","On 2 October 2021, approximately 75 individuals gathered for a 'Take a Stand Against COVID-19 Tyranny' event at the State Capitol in Springfield (Illinois) to protest against mask and vaccine mandates amid the coronavirus pandemic. The event was organized by Nick Fuentes and included his Groyper army, Trump supporters, and QAnon adherents.",0,"crowd size=approximately 75",1680633602
USA35175,"01 October 2021",2021,1,Demonstrations,Protests,"Peaceful protest","Protesters (United States)","Students (United States)",Protesters,,,,"Protesters only",,840,"North America","United States",Wisconsin,Dane,,Madison,43.0748,-89.384,1,"Daily Cardinal",Subnational,"On 1 October 2021, 15 Unmask University of Wisconsin students congregated at Library Mall in Madison (Wisconsin) to protest university mask mandates which went into effect on 5 August 2021, to show support for personal choice about face coverings amid the coronavirus pandemic, and to protest 'never-ending covid restrictions.'",0,"crowd size=15",1680633595
USA35178,"01 October 2021",2021,1,Demonstrations,Protests,"Peaceful protest","Protesters (United States)","GOP: Republican Party; Government of the United States (2021-2025)",Protesters,"Protesters (United States)",,Protesters,Protesters-Protesters,,840,"North America","United States",Montana,"Lewis and Clark",,Helena,46.5893,-112.0391,1,"KTVH; Network Contagion Research Institute; Twitter","Local partner-National","On 1 October 2021, more than 100 people, many of them parents, staged a 'Parental Rights Rally' outside the Capitol in Helena (Montana) against mask mandates in schools amid the coronavirus pandemic. Office of Public Instruction Superintendent Elsie Arntzen (R) and State Senator Theresa Manzella (R) spoke at the event. On the other side of the Capitol, several dozen people gathered for a demonstration in support of implementing mask mandates and other COVID-19 measures.",0,"counter-demonstration; crowd size=more than 100",1737495616
USA35608,"29 September 2021",2021,1,"Political violence","Violence against civilians",Attack,"Sole Perpetrator (United States)",,"Political militia","Civilians (United States)","Health Workers (United States)",Civilians,"Political militia-Civilians","Civilian targeting",840,"North America","United States",Maryland,Howard,,"Ellicott City",39.2681,-76.7989,1,"Baltimore Sun",Subnational,"On 29 September 2021, a man stabbed his brother and sister-in-law in Ellicott City (Maryland) allegedly because the brother, who worked as a pharmacist, administered coronavirus vaccines. The stabber allegedly claimed that the pharmacist was 'killing people with the COVID shot.' Both victims died. The stabber killed his mother's friend beforehand, although the motive in this instance in unclear.",3,,1680633596
USA34992,"27 September 2021",2021,1,Demonstrations,Protests,"Peaceful protest","Protesters (United States)","MJ: Migrant Justice",Protesters,,,,"Protesters only",,840,"North America","United States",Vermont,Chittenden,,Burlington,44.4759,-73.2121,1,"WCAX Channel 3",Subnational,"On 27 September 2021, people organized by Migrant Justice and Community Voices for Immigrant Rights gathered outside Sen. Patrick Leahy's office in Burlington (Vermont) to protest the treatment of Haitian migrants at the US-Mexico border and mass deportation of Haitian migrants by ICE. People also demanded that the Biden Administration end the use of Title 42, which deports migrants who were recently in a country where a communicable disease such as COVID-19 was present.",0,"crowd size=no report",1680633595
USA34809,"24 September 2021",2021,1,Demonstrations,Protests,"Peaceful protest","Protesters (United States)","Students (United States); Labor Group (United States)",Protesters,,,,"Protesters only",,840,"North America","United States",Michigan,Ingham,,"East Lansing",42.737,-84.4839,1,WILX10,Subnational,"On 24 September 2021, undergraduate and graduate students gathered on the Michigan State University President's doorstep in East Lansing (Michigan) to demand their complaints about coronavirus protections be taken seriously, to express their dissatisfaction with how the university has handled COVID-19, and to call for safer working conditions at the university as COVID-19 numbers rise.",0,"crowd size=no report",1632861454
USA34738,"24 September 2021",2021,1,Demonstrations,Protests,"Peaceful protest","Protesters (United States)","Haitian Group (United States); Labor Group (United States); SEIU: Service Employees International Union",Protesters,,,,"Protesters only",,840,"North America","United States",Massachusetts,Suffolk,,Boston,42.3591,-71.0639,1,"1199SEIU Massachusetts; WCVB Channel 5; Boston Globe; WBZ NewsRadio",Other-Subnational,"On 24 September 2021, more than 100 people, including members of the Haitian American community and SEIU Local 1199, gathered outside the JFK Federal Building in Boston (Massachusetts) to protest the treatment of Haitian migrants at the US-Mexico border and mass deportation of Haitian migrants by ICE. People also demanded that the Biden Administration end the use of Title 42, which deports migrants who were recently in a country where a communicable disease such as COVID-19 was present, and admit migrants seeking asylum at the US-Mexico border.",0,"crowd size=more than 100",1680633724
USA34907,"23 September 2021",2021,1,Demonstrations,Protests,"Peaceful protest","Protesters (United States)","Teachers (United States); Health Workers (United States)",Protesters,,,,"Protesters only",,840,"North America","United States",Iowa,Woodbury,,"Sioux City",42.4966,-96.4052,1,"KPTH Fox44/KMEG14; KCAU9",Subnational,"On 23 September 2021, teachers and health workers organized by Science for Safe Schools, Iowa Educators for a Safe Return to School, and the Siouxland COVID Safety Alliance, demonstrated as part of the COVID Safety for Schools event in Sioux City (Iowa) calling for people to wear masks and get vaccinated to reduce their risk of contracting coronavirus and support a mask mandate in schools.",0,"crowd size=no report",1632861453
USA34991,"23 September 2021",2021,1,Demonstrations,Protests,"Peaceful protest","Protesters (United States)",,Protesters,,,,"Protesters only",,840,"North America","United States",Arizona,Maricopa,,Phoenix,33.4492,-112.0741,1,"Fox10 (Phoenix)",Subnational,"On 23 September 2021, activists gathered in Phoenix (Arizona) against President Biden's policy regarding the Haitian migrants in Rio Grande, Texas. They demanded the administration stop using a specific act, Title 42, which deports migrants who were recently in a country where a communicable disease such as COVID-19 was present. Protesters claimed this act authorizes harsh migratory policies under the public health justification.",0,"crowd size=no report",1680633595
USA34750,"20 September 2021",2021,1,Demonstrations,Protests,"Peaceful protest","Protesters (United States)",,Protesters,,,,"Protesters only",,840,"North America","United States",Michigan,Iosco,,"Tawas City",44.2695,-83.5147,1,"Iosco County News-Herald",Subnational,"On 20 September 2021, about 20 parents, family members and friends gathered in front of the District Health Department in Tawas City (Michigan) to protest students and athletes being 'pulled out of school for close contact' to others who have tested positive for the coronavirus, calling it 'unfair that their children are healthy and have not tested positive for COVID-19 but are being subjected to quarantine rules.'",0,"crowd size=about 20",1680633594
USA34535,"16 September 2021",2021,1,Demonstrations,Protests,"Peaceful protest","Protesters (United States)","RAR: Rise and Resist; Abolish ICE",Protesters,,,,"Protesters only",,840,"North America","United States","New York","New York",,"New York - Manhattan",40.7834,-73.9663,1,"Rise and Resist NY",Other,"On 16 September 2021, people organized by Rise and Resist New York gathered outside the Staten Island Ferry Terminal in New York - Manhattan (New York) to urge the Biden administration to increase the US's intake of Afghan refugees, end the use of Title 42 that deports migrants who were recently in a country where a communicable disease such as COVID-19 was present, and abolish ICE.",0,"crowd size=no report",1680633592
USA34556,"13 September 2021",2021,1,Demonstrations,Protests,"Peaceful protest","Protesters (United States)","Students (United States); Teachers (United States)",Protesters,,,,"Protesters only",,840,"North America","United States",Illinois,Cook,,"Chicago - North Side",41.939,-87.6684,1,"ABC7 Chicago; Chicago Sun-Times; Chicago Tribune; NBC 5 Chicago",Subnational,"On 13 September 2021, around 40 people including parents, teachers, and students held a rally near Mayor Lori Lightfoot's home in Chicago - North Side (Illinois) to protest Chicago Public Schools coronavirus pandemic response, their approach to mitigation for students and teachers and to demand a remote learning option for everyone, more COVID-19 testing in schools, faster contact tracing when there is a positive case, and quicker disclosure of cases.",0,"schools; crowd size=around 40",1674587387
USA33155,"28 August 2021",2021,1,Demonstrations,Protests,"Peaceful protest","Protesters (United States)","Government of the United States (2021-2025)",Protesters,,,,"Protesters only",,840,"North America","United States",Kentucky,Franklin,,Frankfort,38.2006,-84.874,1,WLKY,Subnational,"On 28 August 2021, roughly 600 people, including US Representative Thomas Massie (R) gathered at the Kentucky State Capitol in Frankfort (Kentucky) for a 'Freedom from COVID' rally, to demonstrate against mask mandates in the state, which are intended to prevent the spread of the coronavirus pandemic.",0,"crowd size=roughly 600",1737495615
USA33608,"11 August 2021",2021,1,Demonstrations,Protests,"Peaceful protest","Protesters (United States)","Students (United States)",Protesters,,,,"Protesters only",,840,"North America","United States",Pennsylvania,Allegheny,,Pittsburgh,40.4406,-79.9958,1,"KDKA2; Public Source; Twitter","New media-Subnational","On 11 August 2021, about 50-70 parents and students, including the president of Alliance for Police Accountability, gathered outside the Pittsburgh Public Schools Administration Building in the Oakland neighborhood of Pittsburgh (Pennsylvania) to demonstrate against the district's plan to delay the start of school by two weeks. The school reportedly cited transportation issues related to COVID-19 as the reason for the delay.",0,"crowd size=about 50-70",1726602908
USA33715,"10 August 2021",2021,1,Demonstrations,Protests,"Peaceful protest","Protesters (United States)","GOP: Republican Party; Government of the United States (2021-2025); Health Workers (United States); Labor Group (United States)",Protesters,,,,"Protesters only",,840,"North America","United States",Wisconsin,Dane,,Madison,43.0748,-89.384,1,"CBS58; Fox6 Milwaukee; NBC15; WEAU13; Wisconsin Public Radio; Wisconsin State Journal; WISN12; WKOW27",Subnational,"On 10 August 2021, dozens to about 150 people including healthcare workers, staff, and politicians like Rep. Chuck Wichgers (R) rallied at the state Capitol in Madison (Wisconsin) to protest against new vaccine mandates that require hospital staff to get the coronavirus vaccine or risk losing their jobs. Some people carried 'Don't Tread on Me' Gadsden flags and signs likening COVID-19 vaccines to genocide. The event was organized by Wisconsin Health Care Employees for Medical Freedom.",0,"crowd size=dozens to about 150",1737495615
USA33646,"09 August 2021",2021,1,Demonstrations,Protests,"Peaceful protest","Protesters (United States)","Cuban Group (United States); Latin American Group (United States)",Protesters,,,,"Protesters only",,840,"North America","United States","New Jersey",Passaic,,Wayne,40.9488,-74.2403,1,"Bergen Record",Subnational,"On 9 August 2021, more than two dozen people, including members of Wayne's Cuban-American community, gathered in front of the municipal building in Wayne (New Jersey) in solidarity with protesters in Cuba and to protest the Cuban government amid an economic crisis and a rise in COVID-19 cases in Cuba.",0,"crowd size=more than two dozen",1631063370
USA33687,"07 August 2021",2021,1,Demonstrations,Protests,"Peaceful protest","Protesters (United States)","Health Workers (United States)",Protesters,,,,"Protesters only",,840,"North America","United States","New York",,,"New York City",40.7142,-74.0059,1,"PIX11; ABC7 (New York)",Subnational,"On 7 August 2021, more than 100 people, including health workers and the New York State Nurses Association, marched from Cadman Plaza in Brooklyn over the Brooklyn Bridge to City Hall in Manhattan in New York City (New York) in honor of coronavirus survivors and to demand that federal and local lawmakers provide more support to people suffering from COVID-19.",0,"crowd size=more than 100",1631063369
USA33462,"06 August 2021",2021,1,Demonstrations,Protests,"Peaceful protest","Protesters (United States)","Catholic Christian Group (United States); GOP: Republican Party; Government of the United States (2021-2025); Health Workers (United States); Pro-Police Group (United States); Students (United States); Women (United States); Back the Blue",Protesters,,,,"Protesters only",,840,"North America","United States",Michigan,Ingham,,Lansing,42.7339,-84.5555,1,"AP; Center-Square; Detroit News; Mid-Michigan Now; MLive; WILX10; WLNS6; WNEM",Subnational-National,"On 6 August 2021, hundreds to about 3000 people including students, nuns, nurses, Trump supporters, State Senators Tom Barrett (R) and Sue Allor (R), Republican Representatives Matt Maddock, Daire Rendon and John Reilly, and members of Americans Against Forced Vaccinations, the Michigan Conservative Coalition, Michigan Vaccine Choice, Healthcare Workers for Freedom, Fight For Medical Freedom, Let Them Play, Back the Blue, and Stand Up Michigan gathered outside the State Capitol building in Lansing (Michigan) to protest colleges and hospitals across the state mandating vaccinations amid the coronavirus pandemic, to protest what they call 'government overreach' to slow the pandemic, to advocate for personal choice when it comes to vaccination, to raise concerns about the safety of the COVID-19 vaccine, and to urge people to contact their elected representatives about the issue.",0,"crowd size=hundreds to about 3000",1747779355
USA33466,"31 July 2021",2021,1,"Strategic developments","Strategic developments",Other,"Government of the United States (2021-2025)",,"State forces",,,,"State forces only",,840,"North America","United States","District of Columbia","District of Columbia",,"Washington DC",38.9171,-77.0003,3,"Los Angeles Times",National,"Other: On 31 July 2021, federal moratorium on rental evictions amid the coronavirus pandemic ended (coded as Washington DC (District of Columbia)). The federal moratorium, known as Temporary Halt in Residential Evictions To Prevent the Further Spread of COVID-19, was initially issued by the Centers for Disease Control and Prevention (CDC) on 4 September 4 2020, and extended through 31 March 2021 and through 31 July 2021. On 3 August 2021, the CDC issued a new 60-day eviction moratorium in areas with substantial and high transmission of COVID-19.",0,,1737495615
USA32939,"30 July 2021",2021,1,Demonstrations,Protests,"Peaceful protest","Protesters (United States)","Cancel the Rents Movement",Protesters,,,,"Protesters only",,840,"North America","United States",Massachusetts,Suffolk,,Boston,42.3591,-71.0639,1,"WBZ Channel 4",Subnational,"On 30 July 2021, dozens of people organized by Homes for All Massachusetts and the Massachusetts Law Reform Institute gathered outside the Massachusetts State House in Boston (Massachusetts) to urge Massachusetts lawmakers to immediately pass the COVID-19 Housing Equity Bill, which would ban evictions and foreclosures during the coronavirus pandemic. The rally occurred the day before the federal coronavirus eviction moratorium expired.",0,"crowd size=dozens",1628032460
USA32874,"26 July 2021",2021,1,Demonstrations,Protests,"Peaceful protest","Protesters (United States)",,Protesters,,,,"Protesters only",,840,"North America","United States","District of Columbia","District of Columbia",,"Washington DC - National Mall",38.8875,-77.0364,1,"Washington Post",Subnational,"On 26 July 2021, roughly 50 people, including members of Marked by Covid, Survivor Corps, Covid Grief Network, Young Widows and Widowers of Covid-19, gathered outside the White House in Washington DC - National Mall (District of Columbia) to hold a candlelight vigil and to demand financial help for children who have lost a parent or caregiver to the coronavirus pandemic. Demonstrators also demanded more research for long-term symptoms of the coronavirus, an independent commission to investigate and prepare for the next pandemic, and for a day of national remembrance to be designated to recognize those who have been killed by the pandemic.",0,"crowd size=roughly 50",1643756368
USA32505,"23 July 2021",2021,1,Demonstrations,Protests,"Peaceful protest","Protesters (United States)",,Protesters,,,,"Protesters only",,840,"North America","United States","New York","New York",,"New York - Manhattan",40.7834,-73.9663,1,Protest_NYC,Subnational,"On 23 July 2021, people held a 'SOSCuba' protest in front of the United Nations headquarters in New York - Manhattan (New York) in solidarity with protesters in Cuba and to protest the Cuban government amid an economic crisis and a rise in COVID-19 cases in Cuba.",0,"crowd size=no report",1627421266
USA32504,"21 July 2021",2021,1,Demonstrations,Protests,"Peaceful protest","Protesters (United States)","Cuban Group (United States); Latin American Group (United States)",Protesters,,,,"Protesters only",,840,"North America","United States",Massachusetts,Suffolk,,Boston,42.3591,-71.0639,1,"Boston Globe",Subnational,"On 21 July 2021, dozens of people including Cuban-Americans gathered at City Hall Plaza in Boston (Massachusetts) in solidarity with protesters in Cuba and to protest the Cuban government amid an economic crisis and a rise in COVID-19 cases in Cuba.",0,"crowd size=dozens",1660073834
USA32501,"18 July 2021",2021,1,Demonstrations,Protests,"Peaceful protest","Protesters (United States)","Cuban Group (United States); Latin American Group (United States)",Protesters,,,,"Protesters only",,840,"North America","United States",Connecticut,Hartford,,Hartford,41.7673,-72.6762,1,Fox61,Subnational,"On 18 July 2021, people gathered at the Connecticut State Capitol in Hartford (Connecticut) in solidarity with protesters in Cuba and to protest the Cuban government amid an economic crisis and a rise in COVID-19 cases in Cuba.",0,"crowd size=no report",1627421266
USA32201,"15 July 2021",2021,1,Demonstrations,Protests,"Peaceful protest","Protesters (United States)","Cuban Group (United States); Latin American Group (United States)",Protesters,,,,"Protesters only",,840,"North America","United States","New York",Monroe,,Rochester,43.1547,-77.6155,1,"News 8 (Rochester)",Subnational,"On 15 July 2021, more than two dozen people gathered at the Liberty Pole in Rochester (New York) in solidarity with protesters in Cuba and to protest the Cuban government amid an economic crisis and a rise in COVID-19 cases in Cuba. People also urged the US government to establish a military presence in Cuba.",0,"crowd size=more than two dozen",1626816448
USA32200,"14 July 2021",2021,1,Demonstrations,Protests,"Peaceful protest","Protesters (United States)","Cuban Group (United States); Latin American Group (United States)",Protesters,,,,"Protesters only",,840,"North America","United States","New York",Monroe,,Rochester,43.1547,-77.6155,1,"News 8 (Rochester)",Subnational,"On 14 July 2021, people gathered in Rochester (New York) in solidarity with protesters in Cuba and to protest the Cuban government amid an economic crisis and a rise in COVID-19 cases in Cuba. People also urged the US government to establish a military presence in Cuba.",0,"crowd size=no report",1626816448
USA32198,"12 July 2021",2021,1,Demonstrations,Protests,"Peaceful protest","Protesters (United States)","Cuban Group (United States); Latin American Group (United States)",Protesters,,,,"Protesters only",,840,"North America","United States","New York",Monroe,,Rochester,43.1547,-77.6155,1,"News 8 (Rochester)",Subnational,"On 12 July 2021, dozens of people gathered at the Liberty Pole in Rochester (New York) in solidarity with anti-government protesters in Cuba and to protest the Cuban government amid an economic crisis and a rise in COVID-19 cases in Cuba. People also urged the US government to establish a military presence in Cuba.",0,"crowd size=dozens",1626816448
USA32196,"11 July 2021",2021,1,Demonstrations,Protests,"Peaceful protest","Protesters (United States)","Cuban Group (United States); Latin American Group (United States)",Protesters,,,,"Protesters only",,840,"North America","United States","New York",Monroe,,Rochester,43.1547,-77.6155,1,"News 8 (Rochester)",Subnational,"On 11 July 2021, several dozen people gathered in Rochester (New York) in solidarity with anti-government protesters in Cuba and to protest the Cuban government amid an economic crisis and a rise in COVID-19 cases in Cuba. People also urged the US government to establish a military presence in Cuba.",0,"crowd size=several dozen",1626816448
USA32054,"05 July 2021",2021,1,Demonstrations,Protests,"Peaceful protest","Protesters (United States)",,Protesters,,,,"Protesters only",,840,"North America","United States","New York","New York",,"New York - Manhattan",40.7834,-73.9663,1,"New York Post",Subnational,"On 5 July 2021, about 200 people gathered in Rockefeller Park in Battery Park City in New York - Manhattan (New York) to protest Gov. Andrew Cuomo's plans for a COVID-19 pandemic heroes' memorial in Battery Park and to demand that Cuomo's administration reveal plans for a new location for the memorial.",0,"crowd size=about 200",1626211298
USA31384,"18 June 2021",2021,1,Demonstrations,Protests,"Peaceful protest","Protesters (United States)","Migrants (International); Protesters (International)",Protesters,,,,"Protesters only",,840,"North America","United States",Massachusetts,Suffolk,,Boston,42.3591,-71.0639,1,"City Life Vida Urbana",Other,"On 18 June 2021, people, including immigrant families, gathered outside an apartment complex in the East Boston neighborhood in Boston (Massachusetts) to protest gentrification, no-fault evictions, and displacement of families in response to a plan to turn the complex into high-end condos. The group also urged lawmakers to pass the Covid Housing Equity Bill to prevent mass evictions during the coronavirus pandemic.",0,"crowd size=no report",1677004818
USA31409,"12 June 2021",2021,1,Demonstrations,Protests,"Peaceful protest","Protesters (United States)","Students (United States); Teachers (United States)",Protesters,,,,"Protesters only",,840,"North America","United States","New York","New York",,"New York - Manhattan",40.7834,-73.9663,1,"New York Post",Subnational,"On 12 June 2021, more than 100 parents, teachers, and students organized by New York Teachers for Choice gathered outside the United Federation of Teachers' headquarters in Lower New York - Manhattan (New York) to protest the state's in-school mask mandate amid the coronavirus pandemic. People also protested the possibility of a covid vaccine mandate.",0,"crowd size=more than 100",1680633498
USA31264,"09 June 2021",2021,1,Demonstrations,Protests,"Peaceful protest","Protesters (United States)",,Protesters,,,,"Protesters only",,840,"North America","United States",Massachusetts,Suffolk,,Boston,42.3591,-71.0639,1,"City Life Vida Urbana",Other,"On 9 June 2021, people organized by Homes for All Massachusetts gathered in front of the Eastern Housing Court in Boston (Massachusetts) to demand state legislators extend the CDC eviction moratorium at the state level, extend protections for people who need rental aid, and to pass the COVID Housing Equity Bill, which would prevent evictions and foreclosures during the coronavirus pandemic.",0,"crowd size=no report",1623793005
USA29083,"29 April 2021",2021,1,Demonstrations,Protests,"Peaceful protest","Protesters (United States)","Cancel the Rents Movement",Protesters,,,,"Protesters only",,840,"North America","United States",Massachusetts,Suffolk,,Boston,42.3591,-71.0639,1,"Twitter; City Life Vida Urbana","Other-New media","On 29 April 2021, people rallied in Dorchester in Boston (Massachusetts) to protest and prevent evictions during the coronavirus pandemic and to urge state lawmakers to pass the Covid Housing Equity Bill.",0,"crowd size=no report",1638920204
USA28702,"22 April 2021",2021,1,Demonstrations,Protests,"Peaceful protest","Protesters (United States)",,Protesters,,,,"Protesters only",,840,"North America","United States",Ohio,Montgomery,,Dayton,39.7594,-84.1916,1,"Fox45 (Dayton)",Subnational,"On 22 April 2021, individual residents and members of local activist groups, Ohio Says No and Ohio Stands Up, gathered outside the Dayton-Montgomery County Courthouse in Dayton (Ohio) to protest against mandatory coronavirus vaccinations after the Montgomery County Prosecutor sent out an email to employees, mandating the COVID-19 vaccine in the workplace.",0,"crowd size=no report",1744148738
USA28255,"17 April 2021",2021,1,Demonstrations,Protests,"Peaceful protest","Protesters (United States)","GOP: Republican Party",Protesters,,,,"Protesters only",,840,"North America","United States",Florida,Hillsborough,,Tampa,27.9508,-82.4571,1,"Fox13 (Tampa); NewsChannel 8 (Tampa)",Subnational,"On 17 April 2021, hundreds of boaters, organized by the Young Republicans of Tampa Bay, gathered in the Seddon Channel in Tampa (Florida) for a boat parade in protest of the cancelation of 'Gasparilla' due to concerns related to COVID-19. Another boat parade called 'Trumparilla', organized by another GOP organization, was held at the same time and place. Boats participating in both flotillas showed support for former President Trump.",0,"crowd size=hundreds",1680633499
USA27470,"08 April 2021",2021,1,Demonstrations,Protests,"Peaceful protest","Protesters (United States)","DSA: Democratic Socialists of America; Labor Group (United States)",Protesters,,,,"Protesters only",,840,"North America","United States",California,"Los Angeles",,"Los Angeles - Central",34.0693,-118.3118,1,"Crowd Counting Consortium; KTLA5",Other-Subnational,"On 8 April 2021, an unreported number of grocer workers and supporters rallied through the East Hollywood neighborhood in Los Angeles - Central (California) against the closure of a local Food 4 Less. The location is reportedly closing in response to the mandated COVID-19 hero pay. Democratic Socialists of America attended.",0,"crowd size=no report",1731609857
USA27469,"07 April 2021",2021,1,Demonstrations,Protests,"Peaceful protest","Protesters (United States)","Labor Group (United States)",Protesters,,,,"Protesters only",,840,"North America","United States",Tennessee,Davidson,,Nashville,36.166,-86.7842,1,"WTVF; Patch; Crowd Counting Consortium",Other-Subnational,"On 7 April 2021, hundreds of musicians and community members gathered at a historic local music venue in Nashville (Tennessee) to protest the property's sale due to financial struggles amid the COVID pandemic.",0,"crowd size=hundreds",1618350012
USA27315,"31 March 2021",2021,1,Demonstrations,Protests,"Peaceful protest","Protesters (United States)","GOP: Republican Party; Government of the United States (2021-2025)",Protesters,,,,"Protesters only",,840,"North America","United States",Tennessee,Davidson,,Nashville,36.166,-86.7842,1,"Brentwood Home Page; WTVF",Subnational,"On 31 March 2021, hundreds of people, organized by Tennessee Stands, gathered outside of the Capitol building in Nashville (Tennessee) to protest 'government overreach' amid the coronavirus pandemic and show support for proposed legislation which would prohibit state and local authorities from mandating COVID-19 vaccinations. State Senator Mark Pody and Representative Bruce Griffey spoke to the crowd during the event.",0,"crowd size=hundreds",1737495611
USA27237,"30 March 2021",2021,1,Demonstrations,Protests,"Peaceful protest","Protesters (United States)",,Protesters,,,,"Protesters only",,840,"North America","United States","New York",Nassau,,"East Meadow",40.714,-73.559,1,"Crowd Counting Consortium; Twitter","Other-New media","On 30 March 2021, people protested outside of Nassau County Jail in East Meadow (New York) calling on Governor Cuomo to end the use of solitary confinement amid the coronavirus pandemic. People held signs read 'COVID IN PRISONS = DEATH.'",0,"crowd size=no report",1680633604
USA27508,"25 March 2021",2021,1,Demonstrations,Protests,"Peaceful protest","Protesters (United States)",,Protesters,,,,"Protesters only",,840,"North America","United States","New York",Albany,,Albany,42.6504,-73.7591,1,"Crowd Counting Consortium; CBS6 (Albany)",Other-Subnational,"On 25 March 2021, people rallied at the Capitol in Albany (New York) on the one year anniversary of the 25 March 2020 order to put hospitalized coronavirus positive patients back into nursing homes, which protesters believe is to blame for the spike in nursing home coronavirus deaths. Protesters also rallied against New York Governor who they say prioritized COVID-19 testing for his nearest family, friends, staff during the height of the pandemic in 2020.",0,"crowd size=no report",1618350013
USA26620,"23 March 2021",2021,1,Demonstrations,Protests,"Peaceful protest","Protesters (United States)","Muslim Group (United States); Protestant Christian Group (United States); Jewish Group (United States)",Protesters,,,,"Protesters only",,840,"North America","United States",Indiana,Marion,,Indianapolis,39.7686,-86.158,1,"WLFI 18; Crowd Counting Consortium; Fox59 (Indianapolis)",Other-Subnational,"On 23 March 2021, people including members of the Nur-Allah Islamic Center, the Hebrew Congregation, the First Christian Church held an interfaith vigil and gathered for a protest at the Statehouse in Indianapolis (Indiana) to mourn the losses of COVID-19 and to send a message to lawmakers that they want legislation and legislators to respond to the needs of small businesses, those who've lost their jobs, and the families that are juggling children at home and work amid the coronavirus pandemic.",0,"crowd size=no report",1617140132
USA25812,"04 March 2021",2021,1,Demonstrations,Protests,"Protest with intervention","Protesters (United States)","DXE: Direct Action Everywhere",Protesters,"Police Forces of the United States (2021-2025)",,"State forces","State forces-Protesters",,840,"North America","United States",California,Alameda,,Berkeley,37.8715,-122.273,1,"Audacy; Crowd Counting Consortium; KION NewsChannel 5/46; Mercury News; Press Democrat",Other-Subnational,"On 4 March 2021, about 21 people organized by Direct Action Everywhere staged a 'Shut Down Golden Gates Fields' protest at the racetrack in Berkeley (California) against the mistreatment of horses used for racing and the death of at least five horses at the track in 2021. While 17 demonstrators rallied near the track's entrance, four demonstrators chained themselves together on the track and were later arrested by police. A nearby COVID-19 vaccination site was temporarily shut down due to the demonstration.",0,"crowd size=about 21",1737495610
USA25385,"21 February 2021",2021,1,Demonstrations,Protests,"Peaceful protest","Protesters (United States)",,Protesters,"Protesters (United States)",,Protesters,Protesters-Protesters,,840,"North America","United States",California,Fresno,,Fresno,36.7373,-119.7857,1,"Fresno Bee",Subnational,"On 21 February 2021, more than 100 people rallied outside Tower Theatre in Fresno (California) against the sale to Adventure Church during the COVID-19 pandemic. About seven counter-demonstrators attended.",0,"counter-demonstration; crowd size=more than 100",1616538050
USA24870,"07 February 2021",2021,1,Demonstrations,Protests,"Peaceful protest","Protesters (United States)",,Protesters,,,,"Protesters only",,840,"North America","United States",Maine,Waldo,,Belfast,44.4259,-69.0064,1,"CBS13 (Maine)",Subnational,"On 7 February 2021, anti-mask protesters assembled in Belfast (Maine) to protest mask mandates due to the coronavirus pandemic. An individual driving by stopped and got out of her car, engaging the anti-mask protesters. She pulled down her mask and told protesters she worked at a 'COVID-positive' place. When a protester put their phone in front of her face, she took the phone and got in her car and left. Police stepped in and wrote tickets for disorderly conduct for the individual and multiple protesters.",0,"crowd size=no report",1680633896
USA24828,"06 February 2021",2021,1,Demonstrations,Protests,"Peaceful protest","Protesters (United States)","NNU: National Nurses United; Health Workers (United States)",Protesters,,,,"Protesters only",,840,"North America","United States",California,Sonoma,,Petaluma,38.2458,-122.6314,1,Argus-Courier,Subnational,"On 6 February 2021, at least 25 people rallied and staged a car caravan from the fairgrounds in Petaluma (California) in support of instating the single-payer health care plan, CalCare, amid the coronavirus pandemic. National Nurses United's California Nurses Association organized the event as part of a state-wide action. The CNA has called for CalCare dating back to 2011, but COVID-19 has strained California's health system and increased the urgency of their call.",0,"crowd size=at least 25",1613516909
USA24829,"06 February 2021",2021,1,Demonstrations,Protests,"Peaceful protest","Protesters (United States)","NNU: National Nurses United; Health Workers (United States)",Protesters,,,,"Protesters only",,840,"North America","United States",California,Marin,,"San Rafael",37.9735,-122.5312,1,Argus-Courier,Subnational,"On 6 February 2021, an unreported number of people rallied and staged a car caravan from the fairgrounds in San Rafael (California) in support of instating the single-payer health care plan, CalCare, amid the coronavirus pandemic. National Nurses United's California Nurses Association organized the event as part of a state-wide action. The CNA has called for CalCare dating back to 2011, but COVID-19 has strained California's health system and increased the urgency of their call.",0,"crowd size=no report",1613516909
USA24838,"06 February 2021",2021,1,Demonstrations,Protests,"Peaceful protest","Protesters (United States)","NNU: National Nurses United; Health Workers (United States); Students (United States); DSA: Democratic Socialists of America",Protesters,,,,"Protesters only",,840,"North America","United States",California,"Santa Clara",,"Mountain View",37.3858,-122.0839,1,Indybay,Subnational,"On 6 February 2021, about 70 healthcare workers rallied and staged a car caravan in Mountain View (California) in support of instating the single-payer health care plan, CalCare, amid the coronavirus pandemic. National Nurses United's California Nurses Association organized the event as part of a state-wide action. Members of the Santa Clara County Single Payer Health Care Coalition, Silicon Valley Democratic Socialists of America, and Students for a National Health Program attended. A 'Honk 'N Wave' rally also occurred in Mountain View. The CNA has called for CalCare dating back to 2011, but COVID-19 has strained California's health system and increased the urgency of their call.",0,"crowd size=about 70",1613516909
USA24820,"06 February 2021",2021,1,Demonstrations,Protests,"Peaceful protest","Protesters (United States)","NNU: National Nurses United; Health Workers (United States)",Protesters,,,,"Protesters only",,840,"North America","United States",California,"Santa Clara",,Campbell,37.2872,-121.95,1,Indybay,Subnational,"On 6 February 2021, an unreported number of healthcare workers rallied and dropped a banner in Campbell (California) in support of instating the single-payer health care plan, CalCare, amid the coronavirus pandemic. National Nurses United's California Nurses Association organized the event as part of a state-wide action. The CNA has called for CalCare dating back to 2011, but COVID-19 has strained California's health system and increased the urgency of their call.",0,"crowd size=no report",1613516909
USA24822,"06 February 2021",2021,1,Demonstrations,Protests,"Peaceful protest","Protesters (United States)","NNU: National Nurses United; Health Workers (United States)",Protesters,,,,"Protesters only",,840,"North America","United States",California,"San Luis Obispo",,"San Luis Obispo",35.2829,-120.6595,1,KSBY6,Subnational,"On 6 February 2021, an unreported number of healthcare workers rallied and dropped a banner in San Luis Obispo (California) in support of instating the single-payer health care plan, CalCare, amid the coronavirus pandemic. National Nurses United's California Nurses Association organized the event as part of a state-wide action. The CNA has called for CalCare dating back to 2011, but COVID-19 has strained California's health system and increased the urgency of their call.",0,"crowd size=no report",1613516909
USA24830,"06 February 2021",2021,1,Demonstrations,Protests,"Peaceful protest","Protesters (United States)","NNU: National Nurses United; Health Workers (United States); DSA: Democratic Socialists of America",Protesters,,,,"Protesters only",,840,"North America","United States",California,"Santa Barbara",,"Santa Barbara",34.4214,-119.7008,1,"Santa Barbara News-Press",Subnational,"On 6 February 2021, at least 30 to 36 people rallied and staged a car caravan from Goleta to Santa Barbara (California) in support of instating the single-payer health care plan, CalCare, amid the coronavirus pandemic. National Nurses United's California Nurses Association organized the event as part of a state-wide action. Members of Democratic Socialists of America attended. The CNA has called for CalCare dating back to 2011, but COVID-19 has strained California's health system and increased the urgency of their call.",0,"crowd size=no report",1613516909
USA24826,"06 February 2021",2021,1,Demonstrations,Protests,"Peaceful protest","Protesters (United States)","NNU: National Nurses United; Health Workers (United States)",Protesters,,,,"Protesters only",,840,"North America","United States",California,Sonoma,,Sonoma,38.2851,-122.4213,1,"Santa Barbara News-Press",Subnational,"On 6 February 2021, an unreported number of people rallied and staged a car caravan in Sonoma (California) in support of instating the single-payer health care plan, CalCare, amid the coronavirus pandemic. National Nurses United's California Nurses Association organized the event as part of a state-wide action. The CNA has called for CalCare dating back to 2011, but COVID-19 has strained California's health system and increased the urgency of their call.",0,"crowd size=no report",1613516909
USA24825,"06 February 2021",2021,1,Demonstrations,Protests,"Peaceful protest","Protesters (United States)","NNU: National Nurses United; Health Workers (United States)",Protesters,,,,"Protesters only",,840,"North America","United States",California,Ventura,,Ventura,34.2803,-119.2946,1,"Santa Barbara News-Press",Subnational,"On 6 February 2021, an unreported number of people rallied and staged a car caravan in Ventura (California) in support of instating the single-payer health care plan, CalCare, amid the coronavirus pandemic. National Nurses United's California Nurses Association organized the event as part of a state-wide action. The CNA has called for CalCare dating back to 2011, but COVID-19 has strained California's health system and increased the urgency of their call.",0,"crowd size=no report",1613516909
USA24827,"06 February 2021",2021,1,Demonstrations,Protests,"Peaceful protest","Protesters (United States)","NNU: National Nurses United; Health Workers (United States)",Protesters,,,,"Protesters only",,840,"North America","United States",California,"Santa Cruz",,"Santa Cruz",36.9739,-122.0302,1,"Santa Barbara News-Press",Subnational,"On 6 February 2021, an unreported number of people rallied and staged a car caravan in Santa Cruz (California) in support of instating the single-payer health care plan, CalCare, amid the coronavirus pandemic. National Nurses United's California Nurses Association organized the event as part of a state-wide action. The CNA has called for CalCare dating back to 2011, but COVID-19 has strained California's health system and increased the urgency of their call.",0,"crowd size=no report",1613516909
USA24823,"06 February 2021",2021,1,Demonstrations,Protests,"Peaceful protest","Protesters (United States)","Health Workers (United States); NNU: National Nurses United",Protesters,,,,"Protesters only",,840,"North America","United States",California,Riverside,,Hemet,33.7475,-116.972,1,"Liberation News",Other,"On 6 February 2021, an unreported number of people rallied and staged a car caravan in Hemet (California) in support of instating the single-payer health care plan, CalCare, amid the coronavirus pandemic. National Nurses United's California Nurses Association organized the event as part of a state-wide action. The CNA has called for CalCare dating back to 2011, but COVID-19 has strained California's health system and increased the urgency of their call.",0,"crowd size=no report",1729632869
USA24831,"06 February 2021",2021,1,Demonstrations,Protests,"Peaceful protest","Protesters (United States)","Health Workers (United States); NNU: National Nurses United; PFP: Peace and Freedom Party",Protesters,,,,"Protesters only",,840,"North America","United States",California,"San Francisco",,"San Francisco",37.7793,-122.4193,1,"Liberation News",Other,"On 6 February 2021, an unreported number of people rallied and staged a car caravan in San Francisco (California) in support of instating the single-payer health care plan, CalCare, amid the coronavirus pandemic. National Nurses United's California Nurses Association organized the event as part of a state-wide action. Members of the Peace and Freedom Party attended. The CNA has called for CalCare dating back to 2011, but COVID-19 has strained California's health system and increased the urgency of their call.",0,"crowd size=no report",1729632869
USA24832,"06 February 2021",2021,1,Demonstrations,Protests,"Peaceful protest","Protesters (United States)","Health Workers (United States); NNU: National Nurses United; PFP: Peace and Freedom Party",Protesters,,,,"Protesters only",,840,"North America","United States",California,Sacramento,,Sacramento,38.5799,-121.4962,1,"Liberation News",Other,"On 6 February 2021, an unreported number of people rallied and staged a car caravan in Sacramento (California) in support of instating the single-payer health care plan, CalCare, amid the coronavirus pandemic. National Nurses United's California Nurses Association organized the event as part of a state-wide action. Members of the Peace and Freedom Party attended. The CNA has called for CalCare dating back to 2011, but COVID-19 has strained California's health system and increased the urgency of their call.",0,"crowd size=no report",1729632869
USA24833,"06 February 2021",2021,1,Demonstrations,Protests,"Peaceful protest","Protesters (United States)","Health Workers (United States); NNU: National Nurses United; PFP: Peace and Freedom Party",Protesters,,,,"Protesters only",,840,"North America","United States",California,Shasta,,Redding,40.5855,-122.3904,1,"Liberation News",Other,"On 6 February 2021, an unreported number of people rallied and staged a car caravan in Redding (California) in support of instating the single-payer health care plan, CalCare, amid the coronavirus pandemic. National Nurses United's California Nurses Association organized the event as part of a state-wide action. Members of the Peace and Freedom Party attended. The CNA has called for CalCare dating back to 2011, but COVID-19 has strained California's health system and increased the urgency of their call.",0,"crowd size=no report",1729632869
USA24834,"06 February 2021",2021,1,Demonstrations,Protests,"Peaceful protest","Protesters (United States)","Health Workers (United States); NNU: National Nurses United; PFP: Peace and Freedom Party",Protesters,,,,"Protesters only",,840,"North America","United States",California,"Los Angeles",,"Los Angeles",34.0433,-118.2495,1,"Liberation News",Other,"On 6 February 2021, an unreported number of people rallied and staged a car caravan in Los Angeles (California) in support of instating the single-payer health care plan, CalCare, amid the coronavirus pandemic. National Nurses United's California Nurses Association organized the event as part of a state-wide action. Members of the Peace and Freedom Party attended. The CNA has called for CalCare dating back to 2011, but COVID-19 has strained California's health system and increased the urgency of their call.",0,"crowd size=no report",1729632869
USA24835,"06 February 2021",2021,1,Demonstrations,Protests,"Peaceful protest","Protesters (United States)","Health Workers (United States); NNU: National Nurses United; PFP: Peace and Freedom Party",Protesters,,,,"Protesters only",,840,"North America","United States",California,"Los Angeles",,"Long Beach",33.7699,-118.2031,1,"Liberation News",Other,"On 6 February 2021, an unreported number of people rallied and staged a car caravan in Long Beach (California) in support of instating the single-payer health care plan, CalCare, amid the coronavirus pandemic. National Nurses United's California Nurses Association organized the event as part of a state-wide action. Members of the Peace and Freedom Party attended. The CNA has called for CalCare dating back to 2011, but COVID-19 has strained California's health system and increased the urgency of their call.",0,"crowd size=no report",1729632869
USA24836,"06 February 2021",2021,1,Demonstrations,Protests,"Peaceful protest","Protesters (United States)","Health Workers (United States); NNU: National Nurses United; PFP: Peace and Freedom Party",Protesters,,,,"Protesters only",,840,"North America","United States",California,"San Bernardino",,"San Bernardino",34.1083,-117.2897,1,"Liberation News",Other,"On 6 February 2021, an unreported number of people rallied and staged a car caravan in San Bernardino (California) in support of instating the single-payer health care plan, CalCare, amid the coronavirus pandemic. National Nurses United's California Nurses Association organized the event as part of a state-wide action. Members of the Peace and Freedom Party attended. The CNA has called for CalCare dating back to 2011, but COVID-19 has strained California's health system and increased the urgency of their call.",0,"crowd size=no report",1729632869
USA24837,"06 February 2021",2021,1,Demonstrations,Protests,"Peaceful protest","Protesters (United States)","DSA: Democratic Socialists of America; Health Workers (United States); NNU: National Nurses United; PFP: Peace and Freedom Party; PSL: Party for Socialism and Liberation; SAP: Socialist Alternative Party",Protesters,,,,"Protesters only",,840,"North America","United States",California,"San Diego",,"San Diego",32.7174,-117.166,1,"Liberation News",Other,"On 6 February 2021, over 35 people rallied and staged a car caravan at Balboa Park in San Diego (California) in support of instating the single-payer health care plan, CalCare, amid the coronavirus pandemic. National Nurses United's California Nurses Association organized the event as part of a state-wide action. Members of the Part for Socialism and Liberation, the Peace & Freedom Party, Socialist Alternative Party, Democratic Socialists of America, and Movement for a People's Party attended. The CNA has called for CalCare dating back to 2011, but COVID-19 has strained California's health system and increased the urgency of their call.",0,"crowd size=no report",1729632869
USA24547,"05 February 2021",2021,1,Demonstrations,Protests,"Peaceful protest","Protesters (United States)","Health Workers (United States)",Protesters,,,,"Protesters only",,840,"North America","United States",Oregon,Multnomah,,Portland,45.5234,-122.6762,1,"Crowd Counting Consortium; KATU",Other-Subnational,"On 5 February 2021, nurse and healthcare workers gathered for a protest outside a medical center in Portland (Oregon) demanding better workplace protections, what they called 'COVID-19 Bill of Rights,' amid the coronavirus pandemic.",0,"crowd size=no report",1612913871
USA24347,"31 January 2021",2021,1,Demonstrations,Protests,"Peaceful protest","Protesters (United States)",,Protesters,,,,"Protesters only",,840,"North America","United States",California,Fresno,,Fresno,36.7373,-119.7857,1,"GV Wire",Subnational,"On 31 January 2021, about 50 people rallied outside the Tower Theatre in Fresno (California) against the pending sale of the building to a conservative church due to budget constraints amid the COVID-19 pandemic.",0,"crowd size=about 50",1612913872
USA25643,"22 January 2021",2021,1,Demonstrations,Protests,"Peaceful protest","Protesters (United States)",,Protesters,,,,"Protesters only",,840,"North America","United States",California,"Santa Barbara",,Carpinteria,34.3991,-119.5182,1,"Coastal View; Crowd Counting Consortium",Other-Subnational,"On 22 January 2021, an unreported number of people rallied at 'Peace Corner' in Carpinteria (California) against wars. The rally was allegedly part of a series of weekly demonstrations begun in October 2002. Demonstrators are temporarily restricting the rally due to COVID-19.",0,"crowd size=no report",1615330706
USA21230,"13 January 2021",2021,1,Demonstrations,Protests,"Peaceful protest","Protesters (United States)","Catholic Christian Group (United States)",Protesters,,,,"Protesters only",,840,"North America","United States","North Carolina",Durham,,Durham,35.994,-78.8986,1,"Crowd Counting Consortium; Indy Week",Other-Subnational,"On 13 January 2021, more than a dozen people with the Rose of Sharon Catholic Workers protested outside a motel in Durham (North Carolina) against the poor conditions of the 'COVID motel' where inmates are held prior to their release into the public in unsanitary conditions amid the coronavirus pandemic.",0,"crowd size=more than a dozen",1680633500
